TESTED,ALL DATA AVAILABLE,Sample Nr. (=INDEX Nr.),Original SAMPLE Nr.,RAW LOAD,RAW IMP,RAW CV,opt,LOAD,IMP,CV,Ink,Catalyst,Ionomer,Solvent,I:C ratio,Membrane,Pt loading - anode/cathode - mg/cm2,Comment,Filename,A loading,K loading,total load,Loading color scale,max power density (W/cm2),OCV,U at 1A/cm2,ohmic resistance (?),polarization resistance (?),mass specific surface (m2/g),,,,,,,,,,,,
1,3,1,1,1,1,1,,1,1,1,KHE_04,Pt/C 20%,,,,Nafion 212,0.1/0.3 (asi),one side,Batch 1,0.1,0.3,0.4,0.4,0.695,0.994,0.58,0.0038,0.0182,14.12207554,0,994,0,580,0,38,0,182,14,12207554,,
1,3,2,2,1,1,1,,1,1,1,KHE_05,Pt/C 20%,,,,Nafion 212,0.28/0.3 (asi),one side,Batch 1,0.3,0.3,0.6,0.6,0.499,0.952,0.474,0.0043,0.0155,5.32656348,0,952,0,474,0,43,0,155,5,32656348,,
1,3,3,3,1,1,1,,1,1,1,KHE_15,Pt/C 40%,,,,FS-960-RF,0.53/1.05,,Batch 2,0.53,1.05,1.58,1.58,0.416,0.995,0.414,0.0034,0.0164,2.169286433,0,995,0,414,0,34,0,164,2,169286433,,
1,3,4,4,1,1,1,,1,1,1,KHE_15,Pt/C 40%,,,,FS-960-RF,1.05/1.58,,Batch 2,1.05,1.58,2.63,2.63,0.661,0.984,0.582,0.0031,0.0127,3.93757133,0,984,0,582,0,31,0,127,3,93757133,,
1,3,5,5,1,1,1,,1,1,1,KHE_16,Pt/C 40%,,,,FS-960-RF,0.62/1.25,,Batch 3,0.62,1.25,1.87,1.87,0.525,1.02,0.518,0.0028,0.0199,6.347139942,1,20,0,518,0,28,0,199,6,347139942,,
1,3,6,6,1,1,1,,1,1,1,KHE_16,Pt/C 40%,,,,FS-960-RF,0.62/1.25,,Batch 3,0.62,1.25,1.87,1.87,0.703,1.006,0.614,0.0026,0.0121,5.962098055,1,6,0,614,0,26,0,121,5,962098055,,
1,3,7,7,1,1,1,,1,1,1,NL001_C,Pt_NL001,,,,FS-960-RF,0.29/0.3,one side. ultimately bad,Batch 4,0.29,0.3,0.59,0.59,0.004,1.032,NaN,[],[],,4,1,32,NaN,[],[],,,,,,
0,0,,8,0,0,0,gone,0,0,0,NL001_C,Pt_NL001,,,,,,lost to the zone,Batch 4,,,0, ,[],[],[],[],[],,,,,,,,,,,,,
1,3,8,9,1,1,1,,1,1,1,Imm-PtC_KHE_02,Catalyst 1,,,,Nafion 212,0.1/0.1,,Batch 5,0.1,0.1,0.2,0.2,0.817,0.938,0.616,0.0029,0.0087,13.36992547,0,938,0,616,0,29,0,87,13,36992547,,
0,1,,10,1,1,0,bad,0,1,0,,,,,,,,lost in the void,Batch 5,,,0, ,[],[],[],0.0039,0.0151,,151,,,,,,,,,,,
1,3,9,11,1,1,1,,1,1,1,Imm-PtC_KHE_02,Catalyst 2,,,,FS-960-RF,0.06/0.1,flowfield anode 0.06,Batch 5,0.1,0.06,0.16,0.16,0.664,0.947,0.557,0.0042,0.0101,20.03806781,0,947,0,557,0,42,0,101,20,3806781,,
1,0,,12,0,0,0,,0,0,0,,,,,,,,K.I.A.,Batch 5,,,0, ,[],[],[],[],[],,,,,,,,,,,,,
1,2,,13,0,1,1,,0,1,1,,,,,,,,K.I.A.,Batch 5,,,0, ,[],[],[],[],[],,,,,,,,,,,,,
1,2,,14,0,1,1,,0,1,1,,,,,,,,K.I.A.,Batch 5,,,0, ,[],[],[],[],[],,,,,,,,,,,,,
1,1,,15,0,1,0,,0,1,0,,,,,,,,lost to the zone,Batch 5,,,0, ,[],[],[],[],[],,,,,,,,,,,,,
1,0,,16,0,0,0,,0,0,0,,,,,,,,K.I.A.,Batch 5,,,0, ,[],[],[],[],[],,,,,,,,,,,,,
1,0,,17,0,0,0,,0,0,0,,,,,,,,,Batch 5,,,0, ,[],[],[],[],[],,,,,,,,,,,,,
1,3,10,18,1,1,1,,1,1,1,Intern_STDPt,,,,,FS-960-RF,,flowfield cathode,Batch 7,,,0, ,0.347,0.995,0.262,0.0048,0.0164,,0,48,0,164,,,,,,,,
1,3,11,19,1,1,1,,1,1,1,Intern_STDPt,,,,,FS-960-RF,,flowfield cathode,Batch 7,,,0, ,0.435,0.996,NaN,0.003,0.0203,,30,0,203,,,,,,,,,
1,3,12,20,1,1,1,,1,1,1,Intern_STDPt,,,,,FS-960-RF,,,Batch 7,,,0, ,0.492,1.027,0.48,0.005,0.0134,,0,50,0,134,,,,,,,,
1,1,,21,0,1,0,,0,1,0,Imm-PtC_KHE_03,Catalyst 1,EHU CX Nafion PEG 6 kDa,,0.58,FS-960-RF,0.044/0.089,Thickness available,Batch 8,0.044,0.089,0.133,0.133,[],[],NaN,[],[],,[],NaN,[],[],,,,,,,,
1,3,13,22,1,1,1,,1,1,1,Imm-PtC_KHE_03,Catalyst 1,EHU CX Nafion PEG 6 kDa,,0.58,Nafion 212,0.044/0.089,Thickness available,Batch 8,0.044,0.089,0.133,0.133,0.927,0.956,0.673,0.0022,0.0069,14.84084679,927,0,956,0,673,0,22,0,69,14,84084679,
1,2,14,23,1,1,0,,1,1,0,Imm-PtC_KHE_03,Catalyst 1,EHU CX Nafion PEG 6 kDa,,0.58,FS-960-RF,0.089/0.089,Thickness available,Batch 8,0.089,0.089,0.178,0.178,0.51,0.96,0.46,0.005,0.0142,,510,0,960,0,460,0,50,0,142,,,
1,3,15,24,1,1,1,,1,1,1,Imm-PtC_KHE_04,Catalyst 2,EHU CX Nafion PEG 6 kDa,,0.78,FS-960-RF,* - Maybe both 0.09/0.09,,Batch 8,0.09,0.09,0.18,0.18,0.494,0.947,0.488,0.0026,0.0171,6.574557415,494,0,947,0,488,0,26,0,171,6,574557415,
1,1,,25,0,0,1,post,0,0,1,Imm-PtC_KHE_04,Catalyst 2,EHU CX Nafion PEG 6 kDa,,0.78,FS-960-RF,,,Batch 8,,,0, ,[],[],[],[],[],,,,,,,,,,,,,
1,2,16,26,1,0,1,,1,0,1,Imm-PtC_KHE_04,Catalyst 2,EHU CX Nafion PEG 6 kDa,,0.78,FS-930-RFS,*,,Batch 8,0.09,0.09,0.18,0.18,0.777,0.951,0.633,[],[],,777,0,951,0,633,[],[],,,,,
1,0,,27,0,0,0,post,0,0,0,Imm-PtC_KHE_04,Catalyst 2,EHU CX Nafion PEG 6 kDa,,0.78,FS-930-RFS,,,Batch 8,,,0, ,[],[],[],[],[],,,,,,,,,,,,,
1,0,,28,0,0,0,post,0,0,0,Imm-PtC_KHE_04,Catalyst 2,EHU CX Nafion PEG 6 kDa,,0.78,Nafion 212,,,Batch 8,,,0, ,[],[],[],[],[],,,,,,,,,,,,,
1,2,,29,0,1,1,post,0,1,1,Imm-PtC_KHE_04,Catalyst 2,EHU CX Nafion PEG 6 kDa,,0.78,FS-715-RFS,,,Batch 8,,,0, ,[],[],[],[],[],,,,,,,,,,,,,
1,3,17,30,1,1,1,,1,1,1,Imm-PtC_TZ01,Tanaka 29.1 %,Nafion D-512 (5wt.%),H2O:IPA:Gly (1:1:0.44),0.59,FS-960-RF,0.058/0.11,,Batch 9,0.058,0.11,0.168,0.168,0.719,0.979,0.572,0.0026,0.0164,17.00979372,719,0,979,0,572,0,26,0,164,17,979372,
1,3,18,31,1,1,1,,1,1,1,Imm-PtC_TZ01,Tanaka 29.1 %,Nafion D-512 (5wt.%),H2O:IPA:Gly (1:1:0.44),0.59,FS-960-RF,0.058/0.11,,Batch 9,0.058,0.11,0.168,0.168,0.692,0.962,0.559,0.0027,0.0191,16.46063001,692,0,962,0,559,0,27,0,191,16,46063001,
1,3,19,32,1,1,1,,1,1,1,Imm-PtC_KHE_05,Tanaka 29.1 %,Nafion D-512 (5wt.%),H2O:IPA (1:1),0.59,FS-960-RF,0.12/0.12,,Batch 9,0.12,0.12,0.24,0.24,0.725,0.958,0.566,0.0034,0.0092,10.3858402,725,0,958,0,566,0,34,0,92,10,3858402,
1,3,20,33,1,1,1,,1,1,1,Imm-PtC_KHE_05,Tanaka 29.1 %,Nafion D-512 (5wt.%),H2O:IPA (1:1),0.59,FS-960-RF,0.12/0.12,,Batch 9,0.12,0.12,0.24,0.24,0.924,1.021,0.682,0.0026,0.0073,15.94589057,924,1,21,0,682,0,26,0,73,15,94589057,
1,3,21,34,1,1,1,,1,1,1,Imm-PtC_KHE_05,Tanaka 29.1 %,Nafion D-512 (5wt.%),H2O:IPA (1:1),0.6,FS-960-RF,0.06/0.12,,Batch 9,0.06,0.12,0.18,0.18,0.487,0.974,0.483,0.0028,0.0231,15.94589057,487,0,974,0,483,0,28,0,231,15,94589057,
1,3,22,35,1,1,1,,1,1,1,Imm-PtC_KHE_05,Tanaka 29.1 %,Nafion D-512 (5wt.%),H2O:IPA (1:1),0.6,Nafion 212,0.06/0.12,,Batch 9,0.06,0.12,0.18,0.18,0.954,1.002,0.694,0.0023,0.0069,17.27578382,954,1,2,0,694,0,23,0,69,17,27578382,
1,3,23,36,1,1,1,,1,1,1,Imm-PtC_KHE_06,Tanaka 29.1 %,Nafion D-512 (5wt.%),H2O:IPA:Gly (1:1:0.08),0.6,FS-960-RF,0.11/0.11,,Batch 9,0.11,0.11,0.22,0.22,0.767,0.971,0.608,0.0027,0.0087,22.19904029,767,0,971,0,608,0,27,0,87,22,19904029,
1,3,24,37,1,1,1,,1,1,1,Imm-PtC_KHE_06,Tanaka 29.1 %,Nafion D-512 (5wt.%),H2O:IPA:Gly (1:1:0.08),0.6,FS-960-RF,0.11/0.11,,Batch 9,0.11,0.11,0.22,0.22,0.583,0.978,0.505,0.0039,0.0108,15.50135589,583,0,978,0,505,0,39,0,108,15,50135589,
1,3,25,38,1,1,1,,1,1,1,Imm-PtC_KHE_06,Tanaka 29.1 %,Nafion D-512 (5wt.%),H2O:IPA:Gly (1:1:0.08),0.6,Nafion 212,0.11/0.11,,Batch 9,0.11,0.11,0.22,0.22,0.734,0.98,0.615,0.0036,0.0132,23.56516478,734,0,980,0,615,0,36,0,132,23,56516478,
1,3,26,39,1,1,1,,1,1,1,Imm-PtC_KHE_06,Tanaka 29.1 %,Nafion D-512 (5wt.%),H2O:IPA:Gly (1:1:0.08),0.6,FS-960-RF,0.056/0.11,,Batch 9,0.056,0.11,0.166,0.166,0.888,1.004,0.667,0.0031,0.008,22.76433365,888,1,4,0,667,0,31,0,80,22,76433365,
1,3,27,40,1,1,1,,1,1,1,Tubaf 40 % PtC,,Nafion D-512 (5wt.%),H2O:EG:1-propanol,0.6,FS-960-RF,?/0.047,,Batch 10,0.3,0.047,0.347,0.347,0.666,0.962,0.54,0.0027,0.0095,13.86221807,666,0,962,0,540,0,27,0,95,13,86221807,
1,3,28,41,1,1,1,,1,1,1,Tubaf 40 % PtC,,Nafion D-512 (5wt.%),H2O:EG:1-propanol,0.6,FS-960-RF,?/0.047,,Batch 10,0.3,0.047,0.347,0.347,0.859,0.948,0.642,0.0026,0.009,13.34587106,859,0,948,0,642,0,26,0,90,13,34587106,
1,0,,42,0,0,0,,0,0,0,Tubaf 20 % PtC,,Nafion D-512 (5wt.%),,0.6,Nafion 212,,,Batch 10,,,0, ,[],[],[],[],[],,,,,,,,,,,,,
1,3,29,43,1,1,1,,1,1,1,Tubaf 20 % PtC,,Nafion D-512 (5wt.%),,0.6,Nafion 212,0.269 total,,Batch 10,0.135,0.135,0.27,0.27,0.888,0.94,0.659,0.0014,0.01,19.08470766,888,0,940,0,659,0,14,0,100,19,8470766,
1,3,30,44,1,1,1,,1,1,1,Tubaf 20 % PtC,,Nafion D-512 (5wt.%),,0.6,FS-930-RFS,0.222 total,,Batch 10,0.11,0.11,0.22,0.22,0.813,0.953,0.628,0.0021,0.0078,20.24460714,813,0,953,0,628,0,21,0,78,20,24460714,
1,0,,45,0,0,0,,0,0,0,Tubaf 20 % PtC,,Nafion D-512 (5wt.%),,0.6,Gore 765.08,0.218 total,,Batch 10,,,0, ,[],[],[],[],[],,,,,,,,,,,,,
1,3,31,46,1,1,1,,1,1,1,Imm-PtC_KHE_11,Tanaka 29.1 %,EHU CXN PEG 6 kDa 0.5:0.27,H2O:IPA:EtOH,0.6,FS-960-RF,0.126,c:a = 2:1,Batch 11,0.042,0.084,0.126,0.126,0.463,0.966,0.461,0.0033,0.0144,17.73699748,0,463,0,966,0,461,0,33,0,144,17,73699748
1,3,32,47,1,1,1,,1,1,1,Imm-PtC_KHE_11,Tanaka 29.1 %,EHU CXN PEG 6 kDa 0.5:0.27,H2O:IPA:EtOH,0.6,Nafion 212,0.132,2.4:1,Batch 11,0.044,0.088,0.132,0.132,0.334,0.974,0.293,0.0022,0.0328,26.84898634,0,334,0,974,0,293,0,22,0,328,26,84898634
1,0,,48,0,0,0,,0,0,0,Imm-PtC_KHE_11,Tanaka 29.1 %,EHU CXN PEG 6 kDa 0.5:0.27,H2O:IPA:EtOH,0.6,Nafion 212,0.103,02:01:00,Batch 11,0.069,0.034,, ,[],[],[],[],[],,[],[],[],,,,,,,,,
1,0,,49,0,0,0,,0,0,0,Imm-PtC_KHE_11,Tanaka 29.1 %,EHU CXN PEG 6 kDa 0.5:0.27,H2O:IPA:EtOH,0.6,Nafion 211,0.082,one-sided (cathode),Batch 11,0.055,0.027,, ,[],[],[],[],[],,[],[],[],,,,,,,,,
1,3,33,50,1,1,1,post,1,1,1,Imm-PtC_KHE_12,Tanaka 29.1 %,Nafion D-512 (5wt.%),H2O:IPA:EtOH,0.6,Nafion 212,0.065,02:01:00,Batch 11,0.043,0.022,0.065,0.065,0.091,0.79,NaN,[],[],,0,91,0,790,NaN,[],[],,,,,
1,0,,51,0,0,0,,0,0,0,Imm-PtC_KHE_12,Tanaka 29.1 %,Nafion D-512 (5wt.%),H2O:IPA:EtOH,0.6,FS-960-RF,0.071,02:01:00,Batch 11,0.047,0.024,, ,[],[],[],[],[],,[],[],[],,,,,,,,,
1,2,,52,0,1,1,post,0,1,1,Imm-PtC_KHE_12,Tanaka 29.1 %,Nafion D-512 (5wt.%),H2O:IPA:EtOH,0.6,FS-930-RFS,0.069,02:01:00,Batch 11,0.046,0.023,, ,[],[],[],[],[],26.92619819,[],[],[],26,92619819,,,,,,,
1,0,,53,0,0,0,,0,0,0,Imm-PtC_KHE_12,Tanaka 29.1 %,Nafion D-512 (5wt.%),H2O:IPA:EtOH,0.6,FS-930-RFS,0.046,one-sided (cathode),Batch 11,0.031,0.015,, ,[],[],[],[],[],,[],[],[],,,,,,,,,
1,0,,54,0,0,0,,0,0,0,Imm-PtC_KHE_12,Tanaka 29.1 %,Nafion D-512 (5wt.%),H2O:IPA:EtOH,0.6,FS-960-RF,0.066,02:01:00,Batch 11,0.044,0.022,, ,[],[],[],[],[],,[],[],[],,,,,,,,,
1,3,34,55,1,1,1,post,1,1,1,Imm-PtC_KHE_13,Tanaka 29.1 %,EHU N2 CXN PEG 6 kDa 0.5:0.5,H2O:IPA:EtOH,0.6,Nafion 212,0.081,08:03:00,Batch 13,,,0, ,0.124,0.861,NaN,[],[],,NaN,[],[],,,,,,,,,
1,0,,56,0,0,0,,0,0,0,Imm-PtC_KHE_13,Tanaka 29.1 %,EHU N2 CXN PEG 6 kDa 0.5:0.5,H2O:IPA:EtOH,0.6,Nafion 212,,,Batch 13,,,, ,[],[],[],[],[],,,,,,,,,,,,,
1,3,35,57,1,1,1,post,1,1,1,Imm-PtC_KHE_13,Tanaka 29.1 %,EHU N2 CXN PEG 6 kDa 0.5:0.5,H2O:IPA:EtOH,0.6,FS-960-RF,0.071,08:03:00,Batch 13,,,0, ,0.068,0.851,NaN,[],[],,NaN,[],[],,,,,,,,,
1,3,36,58,1,1,1,,1,1,1,Imm-PtC_KHE_17,Tanaka 29.1 %,Nafion D-512 (5wt.%),H2O:EtOH (30:70),0.6,Nafion 212,0.198,01:01:00,Batch 14,0.099,0.099,0.198,0.198,0.976,0.922,0.611,0.002,0.0077,,0,976,0,922,0,611,0,20,0,77,,
1,0,,59,0,0,0,,0,0,0,Imm-PtC_KHE_17,Tanaka 29.1 %,Nafion D-512 (5wt.%),H2O:EtOH (30:70),0.6,Nafion 212,0.19,01:02:00,Batch 14,0.095,0.095,0.19,0.19,[],[],[],[],[],,[],[],[],[],[],,,,,,,
1,3,37,60,1,1,1,,1,1,1,Imm-PtC_KHE_17,Tanaka 29.1 %,Nafion D-512 (5wt.%),H2O:EtOH (30:70),0.6,FS-960-RF,0.212,01:01:00,Batch 14,0.106,0.106,0.212,0.212,0.846,0.937,0.614,0.002,0.0098,17.48349799,0,846,0,937,0,614,0,20,0,98,17,48349799
1,3,38,61,1,1,1,,1,1,1,Imm-PtC_KHE_17,Tanaka 29.1 %,Nafion D-512 (5wt.%),H2O:EtOH (30:70),0.6,FS-960-RF,0.194,01:01:00,Batch 14,0.097,0.097,0.194,0.194,0.638,0.95,0.565,0.002,0.0212,15.51973858,0,638,0,950,0,565,0,20,0,212,15,51973858
1,3,39,62,1,1,1,,1,1,1,Imm-PtC_KHE_20,Tanaka 29.1 %,Nafion D-512 (5wt.%),H2O:EtOH (30:70),0.6,Gore 775.15,0.242,01:01:00,Batch 14,0.121,0.121,0.242,0.242,0.997,0.9,0.606,0.0011,0.009,17.32498362,0,997,0,900,0,606,0,11,0,90,17,32498362
1,0,,63,0,0,0,,0,0,0,Imm-PtC_KHE_20,Tanaka 29.1 %,Nafion D-512 (5wt.%),H2O:EtOH (30:70),0.6,Gore 775.15,0.255,01:01:00,Batch 14,0.128,0.128,0.255,0.255,[],[],[],[],[],,[],[],[],[],[],,,,,,,
1,0,,64,0,0,0,,0,0,0,Tubaf-PtC_KHE_04_01,TUBAF K2PtCl6,Nafion D-512 (5wt.%),H2O:EtOH:EG,0.6,FS-960-RF,0.098,02:01:00,Batch 15,0.033,0.066,0.099,0.099,[],[],[],[],[],,[],[],[],[],[],,,,,,,
1,3,40,65,1,1,1,,1,1,1,Tubaf-PtC_KHE_04_01,TUBAF K2PtCl6,Nafion D-512 (5wt.%),H2O:EtOH:EG,0.6,FS-960-RF,0.104,02:01:00,Batch 15,0.035,0.069,0.104,0.104,0.679,0.927,0.558,0.0025,0.0107,14.35415809,0,679,0,927,0,558,0,25,0,107,14,35415809
1,0,,66,0,0,0,,0,0,0,Tubaf-PtC_KHE_04_02,TUBAF K2PtCl6,Nafion D-512 (5wt.%),H2O:EtOH:EG,?,FS-960-RF,,one sided,Batch 16,0.067,,0.067,0.067,[],[],[],[],[],,[],[],,,,,,,,,,
1,0,,67,0,0,0,,0,0,0,Tubaf-PtC_KHE_04_02,TUBAF K2PtCl6,Nafion D-512 (5wt.%),H2O:EtOH:EG,?,FS-960-RF,,one sided,Batch 16,0.061,,0.061,0.061,[],[],[],[],[],,[],[],,,,,,,,,,
1,3,41,68,1,1,1,,1,1,1,Imm-PtC_KHE_25,Tanaka 29.1 %,Nafion D-512 (5wt.%),H2O:EtOH,0.6,Aquivion 50,0.181,?,Batch 18,0.09,0.09,0.18,0.18,0.434,0.974,0.421,0.0065,0.023,16.77049434,0,434,0,974,0,421,0,65,0,230,16,77049434
1,2,,69,0,1,1,post,0,1,1,Imm-PtC_KHE_25,Tanaka 29.1 %,Nafion D-512 (5wt.%),H2O:EtOH,0.6,Aquivion 50,0.181,,Batch 18,0.091,0.091,0.181,0.181,[],[],[],[],[],14.21856057,[],[],[],[],[],14,21856057,,,,,
1,2,42,70,1,1,0,,1,1,0,Imm-PtC_KHE_25,Tanaka 29.1 %,Nafion D-512 (5wt.%),H2O:EtOH,0.6,Nafion HP,0.188,?,Batch 18,0.094,0.094,0.188,0.188,1.235,0.891,0.672,0.0015,0.008,,1,235,0,891,0,672,0,15,0,80,,
1,3,43,71,1,1,1,,1,1,1,Imm-PtC_KHE_25,Tanaka 29.1 %,Nafion D-512 (5wt.%),H2O:EtOH,0.6,Nafion HP,0.19,?,Batch 18,0.095,0.095,0.19,0.19,1.373,0.938,0.688,0.0013,0.0071,23.04910663,1,373,0,938,0,688,0,13,0,71,23,4910663
1,3,44,72,1,1,1,,1,1,1,Imm-PtC_KHE_25,Tanaka 29.1 %,Nafion D-512 (5wt.%),H2O:EtOH,0.6,Nafion XL,0.186,?,Batch 18,0.093,0.093,0.186,0.186,1.054,0.895,0.646,0.0018,0.0078,24.7799351,1,54,0,895,0,646,0,18,0,78,24,7799351
0,3,,73,1,1,1,,1,1,1,Imm-PtC_KHE_25,Tanaka 29.1 %,Nafion D-512 (5wt.%),H2O:EtOH,0.6,Nafion XL,0.188,?,Batch 18,0.094,0.094,0.188,0.188,0.912,0.932,0.672,0.0017,0.0074,16.96312222,0,912,0,932,0,672,0,17,0,74,16,96312222
0,3,,74,1,1,1,,1,1,1,Imm-PtC_KHE_25,Tanaka 29.1 %,Nafion D-512 (5wt.%),H2O:EtOH,0.6,Nafion 211,0.18,5x6 cm,Batch 18,0.09,0.09,0.18,0.18,0.971,0.924,0.699,0.0012,0.0068,23.63715953,0,971,0,924,0,699,0,12,0,68,23,63715953
0,3,,75,1,1,1,,1,1,1,Imm-PtC_KHE_25,Tanaka 29.1 %,Nafion D-512 (5wt.%),H2O:EtOH,0.6,Nafion 211,0.185,5x6 cm,Batch 18,0.093,0.093,0.185,0.185,0.842,0.901,0.629,0.0017,0.0076,19.87568797,0,842,0,901,0,629,0,17,0,76,19,87568797
1,3,,76,1,1,1,,1,1,1,Tubaf-PtC_KHE_04_03,TUBAF K2PtCl6,Nafion D-512 (5wt.%),H2O:EtOH:EG,?,FS-960-RF,0.082,,Batch 19,0.027,0.055,0.082,0.082,0.527,1.045,0.474,0.0038,0.0149,14.00915913,527,1,45,0,474,0,38,0,149,14,915913,
1,3,,77,1,1,1,,1,1,1,Tubaf-PtC_KHE_04_03,TUBAF K2PtCl6,Nafion D-512 (5wt.%),H2O:EtOH:EG,?,FS-960-RF,0.082,,Batch 19,0.027,0.055,0.082,0.082,0.667,0.944,0.556,0.0028,0.011,18.40163635,667,0,944,0,556,0,28,0,110,18,40163635,
1,2,,78,1,1,0,,1,1,0,Imm-PtC_KHE_29,Tanaka 29.1 %,Nafion D-512 (5wt.%),H2O:EtOH (30:70),0.6,Nafion 115,0.096,Odtud…,Batch 20,0.048,0.048,0.096,0.096,[],[],[],[],[],,[],[],[],[],[],,,,,,,
0,0,,79,,,,,,,,Imm-PtC_KHE_29,Tanaka 29.1 %,Nafion D-512 (5wt.%),H2O:EtOH (30:70),0.6,Nafion 115,0.096,,Batch 20,0.048,0.048,0.096,0.096,[],[],[],[],[],,[],[],[],[],[],,,,,,,
0,0,,80,,,,,,,,Imm-PtC_KHE_29,Tanaka 29.1 %,Nafion D-512 (5wt.%),H2O:EtOH (30:70),0.6,CXN_PEG6 (0.5:0.5),0.095,,Batch 20,0.048,0.048,0.095,0.095,[],[],[],[],[],,[],[],[],[],[],,,,,,,
0,0,,81,,,,,,,,Imm-PtC_KHE_29,Tanaka 29.1 %,Nafion D-512 (5wt.%),H2O:EtOH (30:70),0.6,CXN_PEG6 (0.5:0.5),0.107,,Batch 20,0.054,0.054,0.107,0.107,[],[],[],[],[],,[],[],[],[],[],,,,,,,
0,0,,82,,,,,,,,Imm-PtC_KHE_29,Tanaka 29.1 %,Nafion D-512 (5wt.%),H2O:EtOH (30:70),0.6,CXN_PEG6 (0.5:0.5),0.109,,Batch 20,0.055,0.055,0.109,0.109,[],[],[],[],[],,[],[],[],[],[],,,,,,,
0,0,,83,,,,,,,,Imm-PtC_KHE_26,Tanaka 29.1 %,Nafion D-512 (5wt.%),H2O:EtOH (30:70),0.6,CXN_PEG6 (0.5:0.5),0.158,,Batch 20,0.079,0.079,0.158,0.158,[],[],[],[],[],,[],[],[],[],[],,,,,,,
0,0,,84,,,,,,,,Imm-PtC_KHE_26,Tanaka 29.1 %,Nafion D-512 (5wt.%),H2O:EtOH (30:70),0.6,Nafion 115,0.167,...az sem upe napicu,Batch 20,0.084,0.084,0.167,0.167,[],[],[],[],[],,[],[],[],[],[],,,,,,,
1,3,,85,1,1,1,,1,1,1,TUBAF-PtC_KHE_05-09,TUBAF K2PtCl6,Nafion D-512 (5wt.%),H2O:EtOH:EG,0.6,FS-960-RF,0.151,Anoo,Batch 21,0.057,0.094,0.151,0.151,0.688,0.992,0.554,0.0032,0.0105,12.16908635,0,688,0,992,0,554,0,32,0,105,12,16908635
1,3,,86,1,1,1,,1,1,1,TUBAF-PtC_KHE_05-09,TUBAF K2PtCl6,Nafion D-512 (5wt.%),H2O:EtOH:EG,0.6,FS-960-RF,0.149,,Batch 21,0.055,0.094,0.149,0.149,0.807,0.984,0.582,0.0025,0.0095,12.06395039,0,807,0,984,0,582,0,25,0,95,12,6395039
1,3,,87,1,1,1,,1,1,1,TUBAF-PtC_KHE_05-09,TUBAF K2PtCl6,Nafion D-512 (5wt.%),H2O:EtOH:EG,0.6,Nafion 212,0.149,same cat as 04_01,Batch 21,0.055,0.094,0.149,0.149,1.095,0.996,0.655,0.002,0.0082,13.98175476,1,95,0,996,0,655,0,20,0,82,13,98175476
0,0,,88,,,,,,,,,,,,,,,,Batch 22,,,0, ,[],[],[],[],[],,,,,,,,,,,,,
0,0,,89,,,,,,,,,,,,,,,,Batch 22,,,0, ,[],[],[],[],[],,,,,,,,,,,,,
0,0,,90,,,,,,,,,,,,,,,,Batch 22,,,0, ,[],[],[],[],[],,,,,,,,,,,,,
1,3,,91,1,1,1,,1,1,1,Imm-PtC_KHE_32_KHE_34,Tanaka 29.1 %,Nafion D-512 (5wt.%),H2O:EtOH:EG,0.6,Nafion 212,0.161,,Batch 23,0.081,0.081,0.161,0.161,0.923,0.907,0.677,0.0036,0.0109,,0,923,0,907,0,677,0,36,0,109,,
1,3,,92,1,1,1,,1,1,1,Imm-PtC_KHE_32_KHE_34,Tanaka 29.1 %,Nafion D-512 (5wt.%),H2O:EtOH:EG,0.6,FS-960-RF,0.166,,Batch 23,0.083,0.083,0.166,0.166,0.754,0.961,0.591,0.0031,0.0099,18.23,0,754,0,961,0,591,0,31,0,99,18,23
0,0,,93,,,,,,,,Imm-PtC_KHE_32_KHE_34,Tanaka 29.1 %,Nafion D-512 (5wt.%),H2O:EtOH:EG,0.6,FS-960-RF,0.169,,Batch 23,0.085,0.085,0.169,0.169,[],[],[],[],[],,[],[],[],[],[],,,,,,,
1,3,,94,1,1,1,,1,1,1,Imm-PtC_KHE_32_KHE_34,Tanaka 29.1 %,Nafion D-512 (5wt.%),H2O:EtOH:EG,0.6,Nafion HP,0.194,,Batch 23,0.097,0.097,0.194,0.194,0.747,0.945,0.566,0.0013,0.0075,21.89,0,747,0,945,0,566,0,13,0,75,21,89
1,3,,95,1,1,1,,1,1,1,Imm-PtC_KHE_32_KHE_34,Tanaka 29.1 %,Nafion D-512 (5wt.%),H2O:EtOH:EG,0.6,Nafion HP,0.178,,Batch 23,0.089,0.089,0.178,0.178,0.815,0.883,0.62,0.0021,0.0078,20.37,0,815,0,883,0,620,0,21,0,78,20,37
1,3,,Cmid_01,1,1,1,,1,1,1,Imm-PtC_KHE_31_KHE_33 = reference ink,Tanaka 29.1 %,Nafion D-512 (5wt.%),H2O:EtOH,0.6,Nafion 212,0.21,,Batch 24,0.07,0.14,0.21,0.21,,,,,,,,,,,,,,,,,,
0,0,,Cmid_02,,,,,,,,Imm-PtC_KHE_31_KHE_33,Tanaka 29.1 %,Nafion D-512 (5wt.%),H2O:EtOH,0.6,Nafion 212,0.21,,,0.07,0.14,0.21,0.21,,,,,,,,,,,,,,,,,,
0,0,,Cmid_03,,,,,,,,Imm-PtC_KHE_31_KHE_33,Tanaka 29.1 %,Nafion D-512 (5wt.%),H2O:EtOH,0.6,Nafion 212,0.21,,,0.07,0.14,0.21,0.21,,,,,,,,,,,,,,,,,,
1,3,,Nmid_01,1,1,1,,1,1,1,Imm-PtC_KHE_31_KHE_33,Tanaka 29.1 %,Nafion D-512 (5wt.%),H2O:EtOH,0.6,Nafion 212,0.22,,,0.09,0.13,0.22,0.22,,,,,,,,,,,,,,,,,,
0,0,,Nmid_02,,,,,,,,Imm-PtC_KHE_31_KHE_33,Tanaka 29.1 %,Nafion D-512 (5wt.%),H2O:EtOH,0.6,Nafion 212,0.22,,,0.09,0.13,0.22,0.22,,,,,,,,,,,,,,,,,,
0,0,,Nmid_03,,,,,,,,Imm-PtC_KHE_31_KHE_33,Tanaka 29.1 %,Nafion D-512 (5wt.%),H2O:EtOH,0.6,Nafion 212,0.22,,,0.09,0.13,0.22,0.22,,,,,,,,,,,,,,,,,,
0,0,,Nmax_01,,,,,,,,Imm-PtC_KHE_31_KHE_33,Tanaka 29.1 %,Nafion D-512 (5wt.%),H2O:EtOH,0.6,Nafion 212,0.26,,,0.08,0.18,0.26,0.26,,,,,,,,,,,,,,,,,,
0,0,,Nmax_02,,,,,,,,Imm-PtC_KHE_31_KHE_33,Tanaka 29.1 %,Nafion D-512 (5wt.%),H2O:EtOH,0.6,Nafion 212,0.26,,,0.08,0.18,0.26,0.26,,,,,,,,,,,,,,,,,,
0,0,,Nmax_03,,,,,,,,Imm-PtC_KHE_31_KHE_33,Tanaka 29.1 %,Nafion D-512 (5wt.%),H2O:EtOH,0.6,Nafion 212,0.26,,,0.08,0.18,0.26,0.26,,,,,,,,,,,,,,,,,,
0,0,,Nmin_01,,,,,,,,Imm-PtC_KHE_31_KHE_33,Tanaka 29.1 %,Nafion D-512 (5wt.%),H2O:EtOH,0.6,Nafion 212,0.18,,,0.08,0.1,0.18,0.18,,,,,,,,,,,,,,,,,,
0,0,,Nmin_02,,,,,,,,Imm-PtC_KHE_31_KHE_33,Tanaka 29.1 %,Nafion D-512 (5wt.%),H2O:EtOH,0.6,Nafion 212,0.18,,,0.08,0.1,0.18,0.18,,,,,,,,,,,,,,,,,,
0,0,,Nmin_03,,,,,,,,Imm-PtC_KHE_31_KHE_33,Tanaka 29.1 %,Nafion D-512 (5wt.%),H2O:EtOH,0.6,Nafion 212,0.18,,,0.08,0.1,0.18,0.18,,,,,,,,,,,,,,,,,,
0,0,,96,,,,,,,,Imm-PtC_KHE36,Tanaka 29.1 %,Nafion D-521 + EHU CX ionomers,H2O:EtOH,0.6,FS-960-RF,0.223,,Batch 25 ,0.099,0.124,0.223,0.223,,,,,,,,,,,,,,,,,,
0,0,,97,,,,,,,,Imm-PtC_KHE36,Tanaka 29.1 %,Nafion D-521 + EHU CX ionomers,H2O:EtOH,0.6,Nafion 212,0.173,,,0.066,0.107,0.173,0.173,,,,,,,,,,,,,,,,,,
0,0,,98,,,,,,,,Imm-PtC_KHE_37,Tanaka 29.1 %,Biopolymer EHU,H2O:EtOH,0.6,Nafion 212,0.2,,Batch 26,0.1,0.1,0.2,0.2,,,,,,,,,,,,,,,,,,
0,0,,99,,,,,,,,Imm-PtC_KHE_37,Tanaka 29.1 %,Biopolymer EHU,H2O:EtOH,0.6,Nafion 212,0.202,,,0.101,0.101,0.202,0.202,,,,,,,,,,,,,,,,,,
0,0,,100,,,,,,,,Imm-PtC_KHE_38,Tanaka 29.1 %,Nafion D-512 (5wt.%),H2O:EtOH,0.6,Nafion 212,0.21,,Batch 27,0.094,0.116,0.21,0.21,,,,,,,,,,,,,,,,,,
0,0,,101,,,,,,,,Imm-PtC_KHE_38,Tanaka 29.1 %,Nafion D-512 (5wt.%),H2O:EtOH,0.6,Nafion 212,0.213,,,0.113,0.1,0.213,0.213,,,,,,,,,,,,,,,,,,
0,0,,102,,,,,,,,Imm-PtC_KHE_38,Tanaka 29.1 %,Nafion D-512 (5wt.%),H2O:EtOH,0.6,Nafion 212,0.39,,,0.183,0.207,0.39,0.39,,,,,,,,,,,,,,,,,,
0,0,,103,,,,,,,,Imm-PtC_KHE_38,Tanaka 29.1 %,Nafion D-512 (5wt.%),H2O:EtOH,0.6,Nafion 212,0.396,,,0.193,0.203,0.396,0.396,,,,,,,,,,,,,,,,,,
0,0,,104,,,,,,,,Imm-PtC_KHE_38,Tanaka 29.1 %,Nafion D-512 (5wt.%),H2O:EtOH,0.6,Nafion 212,0.617,,,0.273,0.344,0.617,0.617,,,,,,,,,,,,,,,,,,
0,0,,105,,,,,,,,Imm-PtC_KHE_06_11 as in 05_09,TUBAF K2PtCl6,Nafion D-512 (5wt.%),H2O:EtOH:EG,0.6,Nafion 212,0.19,,Batch 28,0.95,0.95,1.9,1.9,,,,,,,,,,,,,,,,,,
0,0,,106,,,,,,,,Imm-PtC_KHE_05_09,TUBAF K2PtCl6,Nafion D-512 (5wt.%),H2O:EtOH:EG,0.6,Nafion 212,0.197,,,0.985,0.985,1.97,1.97,,,,,,,,,,,,,,,,,,
0,0,,107,,,,,,,,TUBAF-PtC_KHE_06_12,TUBAF K2PtCl6 (NLPtC_12),Nafion D-512 (5wt.%),H2O:EtOH,0.6,Nafion HP,0.219,,Batch 29,0.11,0.109,0.219,0.219,,,,,,,,,,,,,,,,,,
0,0,,108,,,,,,,,TUBAF-PtC_KHE_06_12,TUBAF K2PtCl6 (NLPtC_12),Nafion D-512 (5wt.%),H2O:EtOH,0.6,Nafion HP,0.224,,,0.114,0.11,0.224,0.224,,,,,,,,,,,,,,,,,,
0,0,,109,,,,,,,,,Anode: TUBAF K2PtCl6 NLPtC_13 - synthesis in EG,Nafion D-512 (5wt.%),H2O:EtOH,0.6,Nafion 212,0.189,,Batch 30,0.089,0.1,0.189,0.189,,,,,,,,,,,,,,,,,,
0,0,,,,,,,,,,,Cathode: TUBAF K2PtCl6 NLPtC_12 - synthesis in EG:H2O,Nafion D-512 (5wt.%),H2O:EtOH:EG,0.6,,,,,,,0, ,,,,,,,,,,,,,,,,,,
